source,node_id,baseline_core_reason
trojan.txt,005461dd9295185da5f8,HTTP_UPGRADE_STATUS
trojan.txt,02460f08ee8730bc3aa7,HTTP_UPGRADE_STATUS
trojan.txt,11b7a171ca5ae29fa245,CURL_35
trojan.txt,11bd3d24d18f57e5ecba,HTTP_UPGRADE_STATUS
trojan.txt,1299018346c6d170c801,HTTP_UPGRADE_STATUS
trojan.txt,183f631c2db0c9e9f1f8,HTTP_UPGRADE_STATUS
trojan.txt,1ac49ceddb476a8803c0,TIMEOUT
trojan.txt,1bd3cb964b9ef6675cf0,HTTP_UPGRADE_STATUS
trojan.txt,1d7f1f00e9edbd0b09b4,HTTP_UPGRADE_STATUS
trojan.txt,2df25cf5bbf28efc929c,HTTP_UPGRADE_STATUS
trojan.txt,33f92ffd4522a146e3d9,HTTP_UPGRADE_STATUS
trojan.txt,4e9e3c67117c72cbce4f,HTTP_UPGRADE_STATUS
trojan.txt,56a0895916461e990b26,ALPN_CARRIER_INCOMPATIBLE
trojan.txt,588b93544062e129f051,HTTP_UPGRADE_STATUS
trojan.txt,72b57556c208ea44d1a0,HTTP_UPGRADE_STATUS
trojan.txt,77ad781f6fef9841cdd1,TIMEOUT
trojan.txt,7bcb2914fa452a22ea52,HTTP_UPGRADE_STATUS
trojan.txt,7c0a47d9227158308d58,HTTP_UPGRADE_STATUS
trojan.txt,7ed9623770c4ad7312a7,HTTP_UPGRADE_STATUS
trojan.txt,89f366e7993c1b702076,HTTP_UPGRADE_STATUS
trojan.txt,953520018d0a0040c506,TLS_PROVIDER_WAIT
trojan.txt,9543edff2f828556ce9d,HTTP_UPGRADE_STATUS
trojan.txt,95532be104630bbb0156,HTTP_UPGRADE_STATUS
trojan.txt,978d206bce89ca00b4a8,HTTP_UPGRADE_STATUS
trojan.txt,9e3c9e61f56c050dfd1e,HTTP_UPGRADE_STATUS
trojan.txt,a241cc2d121cd2e6e721,HTTP_UPGRADE_STATUS
trojan.txt,a28e1287da42f819c766,HTTP_UPGRADE_STATUS
trojan.txt,a45da5a40ae12735cb0f,HTTP_UPGRADE_STATUS
trojan.txt,a7df58e6ef95dd532db3,HTTP_UPGRADE_STATUS
trojan.txt,bb95c963aee46e508bf4,HTTP_UPGRADE_STATUS
trojan.txt,c25957258fff4ba6ad8a,CURL_35
trojan.txt,cf8f12365357ab069c14,HTTP_UPGRADE_STATUS
trojan.txt,d02906ad454abd44c71d,HTTP_UPGRADE_STATUS
trojan.txt,d44d29709ae69f108ac3,CURL_35
trojan.txt,d8d31b132ca4e0bd43dc,TIMEOUT
trojan.txt,e3c1386167f324da07c7,TIMEOUT
trojan.txt,e7c152941c88f90042a6,HTTP_UPGRADE_STATUS
trojan.txt,f4722bb3829a0d0e5285,TLS_PROVIDER_WAIT
trojan.txt,fba8acef4813247e79c1,HTTP_UPGRADE_STATUS
trojan.txt,fbbf4fd2027c10efbddf,HTTP_UPGRADE_STATUS
vless.txt,01edc998677038aefae2,TRANSPORT_FAILED
vless.txt,030d6828be5d5a5dff34,HTTP_UPGRADE_STATUS
vless.txt,0310b1395412f4f0dcbb,HTTP_UPGRADE_STATUS
vless.txt,03fbda763e5add4d43c5,TRANSPORT_FAILED
vless.txt,04bb5cefb688fe80f4ec,SOCKET_RECEIVE
vless.txt,08f712ccb275c594bd56,TLS_PROVIDER_WAIT
vless.txt,0932d28917a1c4bf2888,TLS_PROVIDER_WAIT
vless.txt,098620f7d84866674b3b,TRANSPORT_FAILED
vless.txt,0a339348d0b1599023f7,CURL_35
vless.txt,0b49ffbec168310598b3,CURL_35
vless.txt,0b8a122d69a7eb452b51,TRANSPORT_FAILED
vless.txt,0b8c5a44f5f4f6361c22,CURL_35
vless.txt,0caface6931c3081d2d4,HTTP_UPGRADE_STATUS
vless.txt,0e1fd55a01d1ce12b02a,HTTP_UPGRADE_STATUS
vless.txt,101e18ea2c2890bceccd,HTTP_UPGRADE_STATUS
vless.txt,117570f0933dbb2924f6,CURL_35
vless.txt,11a37c37a3ae3352c36f,TRANSPORT_FAILED
vless.txt,121803dd0afafec93703,TRANSPORT_FAILED
vless.txt,13587597d6b6efdc2d09,TLS_PROVIDER_ENCRYPT
vless.txt,14f31786eebafd0b2c87,TRANSPORT_FAILED
vless.txt,176852c158cd93095e68,HTTP_UPGRADE_STATUS
vless.txt,178a081c5f38032d78c4,TRANSPORT_FAILED
vless.txt,17caeab0c3bb2a8d8825,TRANSPORT_FAILED
vless.txt,1960450ad9e238af1f7f,TLS_PROVIDER_WAIT
vless.txt,1a5ade1c2e6ccbcfd098,CURL_28
vless.txt,1cf23205f67f728fcae1,HTTP_UPGRADE_STATUS
vless.txt,1d06fa224d9da1d926c2,TRANSPORT_FAILED
vless.txt,20185c48cf72fefb1b49,TRANSPORT_FAILED
vless.txt,214d9fa424ed0962127c,TRANSPORT_FAILED
vless.txt,22f7729ae45728a045f4,TRANSPORT_FAILED
vless.txt,23054e82c3e1510668fa,TRANSPORT_FAILED
vless.txt,235113f944c973a909fc,TLS_PROVIDER_WAIT
vless.txt,264cc2fa147ddfe74bc5,TRANSPORT_FAILED
vless.txt,29ad996b6ac3e73a487f,CURL_28
vless.txt,2a43614ba49efe039b47,HTTP_UPGRADE_STATUS
vless.txt,2a93b90d29e6ca74c96e,TRANSPORT_FAILED
vless.txt,2c0005b7f3e9eac04954,TLS_PROVIDER_WAIT
vless.txt,2dbe3c39fd9f0a32b61f,CURL_28
vless.txt,2ed5cb25e7b0e34c350f,TRANSPORT_FAILED
vless.txt,2f7cf484350b11f19367,TRANSPORT_FAILED
vless.txt,2fce2b97c5bda41d7653,TLS_PROVIDER_WAIT
vless.txt,31b8a3d2adc124bf039a,TRANSPORT_FAILED
vless.txt,33814734b71599c26643,HTTP_UPGRADE_STATUS
vless.txt,3616dba3e0c2d6d7679d,TRANSPORT_FAILED
vless.txt,365174f043ea0064c0b7,CURL_35
vless.txt,382ecaa16cd7d71c11d4,TRANSPORT_FAILED
vless.txt,38cf0366874e13148dab,TRANSPORT_FAILED
vless.txt,3970cf2ad804f6bb6dc9,TRANSPORT_FAILED
vless.txt,3983cf2af9d0de112ad6,VLESS_RESPONSE_VERSION
vless.txt,39a358d97eb3130ff480,TRANSPORT_FAILED
vless.txt,3b0d78790f98f450aab0,CURL_35
vless.txt,3df1bc986cf8e4194ce7,TLS_PROVIDER_WAIT
vless.txt,3e627c4d82ee0ac3086d,TRANSPORT_FAILED
vless.txt,3f220830d6725b96b377,TRANSPORT_FAILED
vless.txt,3f30ebe7a5ce47f5b26f,SOCKET_RECEIVE
vless.txt,3f6fe9bb9f856489a085,TLS_PROVIDER_WAIT
vless.txt,40fcf1e9221a3da411c8,CURL_35
vless.txt,433c249c9939c0ee79a4,TLS_PROVIDER_WAIT
vless.txt,44d3ca43151350eaf7f5,TRANSPORT_FAILED
vless.txt,450a1d1847779fb74bc6,TLS_PROVIDER_ENCRYPT
vless.txt,45e7dd177847524e356f,TRANSPORT_FAILED
vless.txt,469e88d981feef48bb6a,TLS_FAILED
vless.txt,47cd968db244eea19840,HTTP_UPGRADE_STATUS
vless.txt,48a9e7596c168d0f904d,TRANSPORT_FAILED
vless.txt,492c03934cd545fafa19,HTTP_UPGRADE_STATUS
vless.txt,4934b4d9edab56d159fb,TRANSPORT_FAILED
vless.txt,4a71306f6c4341c3486c,CURL_35
vless.txt,4bd85797a8189e66cfbd,CURL_35
vless.txt,4cd1b7bd8108ad02ec01,TLS_PROVIDER_WAIT
vless.txt,4d1db207c9a2dda49ab2,TRANSPORT_FAILED
vless.txt,4f025b3f0d4dfa694179,TRANSPORT_FAILED
vless.txt,4f90209fd4452fbdcd8b,HTTP_UPGRADE_STATUS
vless.txt,529a37fc31d6f0f3fee0,TRANSPORT_FAILED
vless.txt,53bc222f147b62f9f66d,TRANSPORT_FAILED
vless.txt,53f651481d518338d29b,TRANSPORT_FAILED
vless.txt,543e43efae4ff777a28e,TRANSPORT_FAILED
vless.txt,547671454d2a80c0961c,TRANSPORT_FAILED
vless.txt,55158f9b78dd82d9faaa,TRANSPORT_FAILED
vless.txt,55d98f352acd81d91c27,TRANSPORT_FAILED
vless.txt,56163dcd4dfcecc44632,TLS_PROVIDER_ENCRYPT
vless.txt,5633536beca8dc98880d,TRANSPORT_FAILED
vless.txt,5a3c308198262aebeef1,TLS_PROVIDER_WAIT
vless.txt,5bb3239f25cc0f0da1e6,HTTP_UPGRADE_STATUS
vless.txt,5c11cd2dee33fe4b231a,TRANSPORT_FAILED
vless.txt,5cdae32806cbb2ec2562,TRANSPORT_FAILED
vless.txt,603e2ec45d9777d7d996,CURL_35
vless.txt,61feb989e730e3d190b7,TRANSPORT_FAILED
vless.txt,62a6aab45a7dbaae1b7c,TRANSPORT_FAILED
vless.txt,63fd3cf46bc00371df00,TLS_PROVIDER_WAIT
vless.txt,64153705afc7406570fa,TRANSPORT_FAILED
vless.txt,65547ac80ba946ceb9d9,TRANSPORT_FAILED
vless.txt,65cc875e287358383a9e,TRANSPORT_FAILED
vless.txt,660119a11ab911e53a12,TRANSPORT_FAILED
vless.txt,66a366e54fe1c839c0ae,TLS_ALERT
vless.txt,67bc9ae1a6cc6d261d24,TRANSPORT_FAILED
vless.txt,67db61b10b7e3d03ae23,HTTP_UPGRADE_STATUS
vless.txt,6bccb434cfb32600b817,TRANSPORT_FAILED
vless.txt,6c51a10d3965241cf613,TRANSPORT_FAILED
vless.txt,6c72378a062fd59437f1,TLS_PROVIDER_WAIT
vless.txt,6c8efc97235fade6fa9e,TLS_PROVIDER_ENCRYPT
vless.txt,6d2bec0a6e030c992831,TLS_PROVIDER_ENCRYPT
vless.txt,6d61b9d0b795c86ede67,CURL_35
vless.txt,6dbe4038ef9a6608d9d0,CURL_35
vless.txt,6eb35787fe021f21d0ac,TRANSPORT_FAILED
vless.txt,6fb5b930934a488a5cee,CURL_35
vless.txt,70bfd2e7400d2419a3e3,CURL_35
vless.txt,71b5bd7192a734b89bfd,HTTP_UPGRADE_STATUS
vless.txt,7244212f48d9f26c1f32,TRANSPORT_FAILED
vless.txt,726fd4dcbb3d6bb9c03b,TRANSPORT_FAILED
vless.txt,734933768c9f79e742ed,TRANSPORT_FAILED
vless.txt,739b6247ac79678185df,CURL_35
vless.txt,7626b2a48e3fcb942c02,CURL_35
vless.txt,7802d347a2d499e36a8c,TLS_PROVIDER_WAIT
vless.txt,7899c378d0eca63a769a,TRANSPORT_FAILED
vless.txt,7a0b36e4aac027dc32b7,TRANSPORT_FAILED
vless.txt,7a363a0983ec81ca6127,HTTP_UPGRADE_STATUS
vless.txt,7c5ccffb6f7a6a7b417e,TRANSPORT_FAILED
vless.txt,7ce6e862f929fa40ff0a,TRANSPORT_FAILED
vless.txt,7cf5f29f68d80d85c3b7,TLS_PROVIDER_WAIT
vless.txt,7d3012e9de54db270524,TRANSPORT_FAILED
vless.txt,7e721df59aece1bb1700,CURL_35
vless.txt,7f89c43e10e73d08e3b3,CURL_35
vless.txt,81f62b6ef75eefa7dc8d,HTTP_UPGRADE_STATUS
vless.txt,831b79e591d0a5ff0c4c,TRANSPORT_FAILED
vless.txt,83247030663a0dc19232,TRANSPORT_FAILED
vless.txt,833426f2d995f118aec8,CURL_35
vless.txt,8378c2c4f655511b0fbc,HTTP_UPGRADE_STATUS
vless.txt,8384d9b5f3f6d5310930,TRANSPORT_FAILED
vless.txt,83e7fa303c49861d6b61,TRANSPORT_FAILED
vless.txt,8412f22c3b8bd134a583,TRANSPORT_FAILED
vless.txt,84a1948e740a51f5ea57,TRANSPORT_FAILED
vless.txt,84d1224b44f907599d06,TLS_PROVIDER_WAIT
vless.txt,84f7e87d3f0a4ec0da67,TRANSPORT_FAILED
vless.txt,85b8e8edc674a110d6e3,TRANSPORT_FAILED
vless.txt,87e6ab58a87074dc2b98,TRANSPORT_FAILED
vless.txt,88276ac47c95e7ca788f,TRANSPORT_FAILED
vless.txt,8962ce057b118c3913f6,TRANSPORT_FAILED
vless.txt,8ce45706935b6b94005c,TRANSPORT_FAILED
vless.txt,8df45c1f800b24ce987f,HTTP_UPGRADE_STATUS
vless.txt,8e0246388046f5255c9d,CURL_35
vless.txt,8f5f30c2118b55f41962,TLS_PROVIDER_WAIT
vless.txt,8fb37d8f349bdb624383,CURL_35
vless.txt,907d03b22b753428f983,TLS_PROVIDER_WAIT
vless.txt,9195a96b4db4c50aae94,CURL_28
vless.txt,91af5c1f8bf95e71ec08,TRANSPORT_FAILED
vless.txt,9327f3c19bf92b4dd0c4,HTTP_UPGRADE_STATUS
vless.txt,942a0beb91e540621d68,TRANSPORT_FAILED
vless.txt,9549c05213129363c5cd,CURL_35
vless.txt,95e4bc072274538443ab,TRANSPORT_FAILED
vless.txt,9ab604cc5d925f323bb3,TRANSPORT_FAILED
vless.txt,9ad5e853c645f7be8f0e,TRANSPORT_FAILED
vless.txt,9fe7e6fd6bac6526df82,CURL_35
vless.txt,a07d02cedbae4a84f98d,TLS_FAILED
vless.txt,a1a64962945db7263e2b,CURL_35
vless.txt,a1e74248e2a0c23ed2f4,HTTP_UPGRADE_STATUS
vless.txt,a21eca8491b57176dacf,TRANSPORT_FAILED
vless.txt,a23b0dddc25ebcb806ec,TRANSPORT_FAILED
vless.txt,a5528fd94cc1efa518f6,TLS_ALERT
vless.txt,a7808db4f1af4bbae540,TLS_PROVIDER_WAIT
vless.txt,a86ff25593a75809f323,TRANSPORT_FAILED
vless.txt,a90d51d56ba9857a1e0b,TRANSPORT_FAILED
vless.txt,aa24f19bfdc1d6691de5,CURL_35
vless.txt,ab69b42752e7d632a8ed,CURL_35
vless.txt,aba1b7bede66c30e5f23,TRANSPORT_FAILED
vless.txt,ae5131726412c2765903,TRANSPORT_FAILED
vless.txt,ae5439ada3c5c62804c6,CURL_35
vless.txt,af10ebbee8e15239b5df,TRANSPORT_FAILED
vless.txt,af89a74a5bf791d41f1f,CURL_35
vless.txt,afbb3c64ea85c0cb5eb6,CURL_35
vless.txt,b1ea06fb4b153a7cc0a0,TRANSPORT_FAILED
vless.txt,b3d876b37ee524f49ddc,TRANSPORT_FAILED
vless.txt,b74b6b40082b6bda8fee,TRANSPORT_FAILED
vless.txt,b9e4263d72b3567d77bd,TRANSPORT_FAILED
vless.txt,ba35b252633fbd42d123,TRANSPORT_FAILED
vless.txt,ba48c9aa4513ee2b7abd,TLS_PROVIDER_ENCRYPT
vless.txt,ba6a9fb4aff7b543acec,TRANSPORT_FAILED
vless.txt,bab6b12f87115bf3d28c,TRANSPORT_FAILED
vless.txt,bacbb870e329d56fd523,TRANSPORT_FAILED
vless.txt,bb6e666faa76774da7d7,HTTP_UPGRADE_STATUS
vless.txt,bfea6c0864d61dd603f5,HTTP_UPGRADE_STATUS
vless.txt,c081cbead607a06e9831,TRANSPORT_FAILED
vless.txt,c1c032eca66e6dce139c,CURL_35
vless.txt,c1c443e825833e04b899,TLS_PROVIDER_WAIT
vless.txt,c33de53f7be944a739cd,HTTP_UPGRADE_STATUS
vless.txt,c3accf23ff20b12ad81c,TRANSPORT_FAILED
vless.txt,c4552db1f230eaa80b25,HTTP_UPGRADE_STATUS
vless.txt,c94bbe722fac88e1449f,CURL_35
vless.txt,cb3264126bbd5b1efe53,CURL_35
vless.txt,cb3a451fa28e42a60bf3,TRANSPORT_FAILED
vless.txt,cb412d25a75d15752739,HTTP_UPGRADE_STATUS
vless.txt,cccc999782465e58e172,TRANSPORT_FAILED
vless.txt,ccf9fbd9e2722fe9a4c3,HTTP_UPGRADE_STATUS
vless.txt,cf58501eb80a5cd24749,TRANSPORT_FAILED
vless.txt,cfd2bdb9df1be8e14034,TRANSPORT_FAILED
vless.txt,d013d7591e98eedb140a,TRANSPORT_FAILED
vless.txt,d2205bb3e884edf6a73d,TRANSPORT_FAILED
vless.txt,d5947eb8590a9d303943,TRANSPORT_FAILED
vless.txt,d66f98b6946d5902f897,CURL_35
vless.txt,da0523a49ab07524023a,HTTP_UPGRADE_STATUS
vless.txt,daa7e5423ab992a66278,CURL_35
vless.txt,dce13b27c0185962fe01,TRANSPORT_FAILED
vless.txt,de2596ec719816a29f26,HTTP_UPGRADE_STATUS
vless.txt,df9117add12d57397a88,TRANSPORT_FAILED
vless.txt,e1aa4ccc4254d42f4eca,TRANSPORT_FAILED
vless.txt,e20afa5da099758cf4e0,TRANSPORT_FAILED
vless.txt,e25b5eef8590ddc214e7,TRANSPORT_FAILED
vless.txt,e3d2f170ec9f988bfcee,TRANSPORT_FAILED
vless.txt,e3ef7409fdfedeef0047,TRANSPORT_FAILED
vless.txt,e520b7f19a096177dd74,TRANSPORT_FAILED
vless.txt,e5446086a57fcf348bfb,TRANSPORT_FAILED
vless.txt,e67bed783a65c01f6af7,CURL_35
vless.txt,e8185885ae92ff8b41f8,HTTP_UPGRADE_STATUS
vless.txt,e99ff8c368011c4f7cc6,HTTP_UPGRADE_STATUS
vless.txt,ea312ddc2897796e928e,CURL_35
vless.txt,eaf4f8a4b79e67431a98,TRANSPORT_FAILED
vless.txt,edee40484184ef9c8422,TLS_PROVIDER_WAIT
vless.txt,ee57fba676f0d8e9020c,HTTP_UPGRADE_STATUS
vless.txt,ef5e357f806ba543526e,TRANSPORT_FAILED
vless.txt,f06619338bf5e6cd37e9,TRANSPORT_FAILED
vless.txt,f10fc03e0db9efa882c7,TRANSPORT_FAILED
vless.txt,f442be37a5ce2ba2420f,TRANSPORT_FAILED
vless.txt,f498becbc32c24894b37,TRANSPORT_FAILED
vless.txt,f551d7901ecc75377f34,HTTP_UPGRADE_STATUS
vless.txt,f5f4043daa74844c6829,HTTP_UPGRADE_STATUS
vless.txt,f60be9d1d1ba9454f108,CURL_35
vless.txt,f81e91795db78ff94779,TRANSPORT_FAILED
vless.txt,f837678a1e1e4b20205f,TRANSPORT_FAILED
vless.txt,f99f22caa6d3fe10badb,CURL_28
vless.txt,fa6790936c92087fe099,TRANSPORT_FAILED
vless.txt,fc16da562b3d29429be5,TLS_PROVIDER_WAIT
vless.txt,fcf2661076584eaa64ec,CURL_35
vless.txt,fd2d2b172a9bcff43e1d,TRANSPORT_FAILED
vless.txt,fe114459ec91fa7e079c,TRANSPORT_FAILED
vless.txt,feb8bd6d02550e1bdfb6,TLS_PROVIDER_WAIT
vmess.txt,4af6d3f099ff0788b6c4,CURL_28
vmess.txt,6c37250246877bba5919,TLS_PROFILE_CONFIGURATION
vmess.txt,949f42ecff9e9125fed4,CURL_28
vmess.txt,a2562c367198a2afb275,CURL_28
